,GDP,CPI,Year,Country,RGDP,GDP_div_1000
0,5974.7,127.5,1990,US,46.860392156862744,5.9746999999999995
1,10031.0,169.3,2000,US,59.24985233313644,10.031
2,14681.1,217.488,2010,US,67.5030346501876,14.6811
